{"loss": 1.8749566078186035, "accuracy": 0.3075000047683716}