{"loss": 1.4015514850616455, "accuracy": 0.41749998927116394}