{"loss": 2.1369242668151855, "accuracy": 0.6825000047683716}