{"loss": 1.9684410095214844, "accuracy": 0.3474999964237213}