{"loss": 0.7218623161315918, "accuracy": 0.7049999833106995}