{"loss": 1.4196237325668335, "accuracy": 0.5649999976158142}