{"loss": 3.5946691036224365, "accuracy": 0.49000000953674316}