{"loss": 1.6403119564056396, "accuracy": 0.34166666865348816}