{"loss": 5.865987300872803, "accuracy": 0.3641666769981384}