{"loss": 7.449620766775614e+22, "accuracy": 0.1666666716337204}