{"loss": 1.7050188779830933, "accuracy": 0.33666667342185974}