{"loss": 0.7484727501869202, "accuracy": 0.5425000190734863}