{"loss": 2.1563515663146973, "accuracy": 0.5316666960716248}