{"loss": 1.914509654045105, "accuracy": 0.528333306312561}