{"loss": 1.5210665464401245, "accuracy": 0.6725000143051147}