{"loss": 0.6842943429946899, "accuracy": 0.6949999928474426}