{"loss": 0.7996232509613037, "accuracy": 0.5724999904632568}