{"loss": 1.2317163944244385, "accuracy": 0.49666666984558105}