{"loss": 0.6281945705413818, "accuracy": 0.6949999928474426}