{"loss": 1.9985374212265015, "accuracy": 0.5083333253860474}