{"loss": 1.0150954723358154, "accuracy": 0.5266666412353516}