{"loss": 3.5412044525146484, "accuracy": 0.3425000011920929}