{"loss": 6.016897201538086, "accuracy": 0.35249999165534973}