{"loss": 1.2582859992980957, "accuracy": 0.4583333432674408}