{"loss": 1.1688288450241089, "accuracy": 0.7049999833106995}