{"loss": 2.89408802986145, "accuracy": 0.45875000953674316}