{"loss": 1.6700184345245361, "accuracy": 0.3933333456516266}