{"loss": 3.163945436477661, "accuracy": 0.5316666960716248}