{"loss": 5.671462535858154, "accuracy": 0.3683333396911621}