{"loss": 1.432428240776062, "accuracy": 0.6025000214576721}