{"loss": 1.534091591835022, "accuracy": 0.6924999952316284}