{"loss": 1.009236454963684, "accuracy": 0.5166666507720947}