{"loss": 1.7754600048065186, "accuracy": 0.4112499952316284}