{"loss": 0.7457869052886963, "accuracy": 0.6650000214576721}