{"loss": 0.8797404766082764, "accuracy": 0.5724999904632568}