{"loss": 2.544090747833252, "accuracy": 0.6175000071525574}