{"loss": 1.1456992626190186, "accuracy": 0.4566666781902313}