{"loss": 1.1353061199188232, "accuracy": 0.699999988079071}