{"loss": 4.057954788208008, "accuracy": 0.2775000035762787}