{"loss": 3.35848331451416, "accuracy": 0.5199999809265137}