{"loss": 1.7434232234954834, "accuracy": 0.32749998569488525}