{"loss": 0.6133554577827454, "accuracy": 0.699999988079071}