{"loss": 1.639735460281372, "accuracy": 0.3291666805744171}