{"loss": 1.1369556188583374, "accuracy": 0.5216666460037231}