{"loss": 0.8158801794052124, "accuracy": 0.5899999737739563}