{"loss": 1.653660535812378, "accuracy": 0.31333333253860474}