{"loss": 1.613795518875122, "accuracy": 0.35083332657814026}