{"loss": 4.481064319610596, "accuracy": 0.3408333361148834}