{"loss": 2.9780216217041016, "accuracy": 0.351666659116745}