{"loss": 2.077643394470215, "accuracy": 0.5149999856948853}