{"loss": 1.7564711570739746, "accuracy": 0.32083332538604736}