{"loss": 1.6383469104766846, "accuracy": 0.3308333456516266}