{"loss": 0.9916433691978455, "accuracy": 0.5366666913032532}