{"loss": 1.7475907802581787, "accuracy": 0.3100000023841858}