{"loss": 0.6957452893257141, "accuracy": 0.6000000238418579}