{"loss": 1.321377158164978, "accuracy": 0.46000000834465027}