{"loss": 1.8609553575515747, "accuracy": 0.5333333611488342}