{"loss": 1.7534630298614502, "accuracy": 0.39125001430511475}