{"loss": 1.5323940515518188, "accuracy": 0.39625000953674316}