{"loss": 1.6370636224746704, "accuracy": 0.3075000047683716}