{"loss": 2.8266866207122803, "accuracy": 0.2966666519641876}