{"loss": 3.241640329360962, "accuracy": 0.2991666793823242}