{"loss": 3.677424430847168, "accuracy": 0.5016666650772095}