{"loss": 1.401307225227356, "accuracy": 0.699999988079071}