{"loss": 1.795793056488037, "accuracy": 0.5516666769981384}