{"loss": 6.235918998718262, "accuracy": 0.36500000953674316}