{"loss": 4.324042320251465, "accuracy": 0.34416666626930237}