{"loss": 1.8423579931259155, "accuracy": 0.3191666603088379}