{"loss": 1.6542575359344482, "accuracy": 0.34583333134651184}