{"loss": 2.4880423545837402, "accuracy": 0.3100000023841858}