{"loss": 4.108623504638672, "accuracy": 0.4637500047683716}