{"loss": 0.9995567798614502, "accuracy": 0.5216666460037231}