{"loss": 0.9306443929672241, "accuracy": 0.5375000238418579}