{"loss": 0.664297878742218, "accuracy": 0.6600000262260437}