{"loss": 4.9583024978637695, "accuracy": 0.3474999964237213}