{"loss": 1.0410929918289185, "accuracy": 0.5149999856948853}