{"loss": 2.7778427600860596, "accuracy": 0.3400000035762787}