{"loss": 0.8612686395645142, "accuracy": 0.5199999809265137}