{"loss": 1.733293890953064, "accuracy": 0.36250001192092896}