{"loss": 6.196209907531738, "accuracy": 0.3375000059604645}