{"loss": 1.1101895570755005, "accuracy": 0.4583333432674408}