{"loss": 2.001753807067871, "accuracy": 0.5133333206176758}