{"loss": 3.5168685913085938, "accuracy": 0.351666659116745}