{"loss": 1.4651117324829102, "accuracy": 0.39125001430511475}