{"loss": 0.6713316440582275, "accuracy": 0.6399999856948853}