{"loss": 3.7104694843292236, "accuracy": 0.3258333206176758}