{"loss": 1.6096049547195435, "accuracy": 0.6924999952316284}