{"loss": 2.514024019241333, "accuracy": 0.5799999833106995}