{"loss": 1.0684994459152222, "accuracy": 0.5199999809265137}