{"loss": 4.297696590423584, "accuracy": 0.3383333384990692}