{"loss": 1.941693902015686, "accuracy": 0.36916667222976685}