{"loss": 1.6468764543533325, "accuracy": 0.33416667580604553}