{"loss": 1.1781076192855835, "accuracy": 0.5316666960716248}