{"loss": 1.7383089065551758, "accuracy": 0.31166666746139526}