{"loss": 2.2419931888580322, "accuracy": 0.4300000071525574}