{"loss": 2.790027379989624, "accuracy": 0.5099999904632568}