{"loss": 1.9384437799453735, "accuracy": 0.34416666626930237}