{"loss": 0.7263123393058777, "accuracy": 0.5849999785423279}