{"loss": 1.4716917276382446, "accuracy": 0.39625000953674316}