{"loss": 1.9140592813491821, "accuracy": 0.5199999809265137}