{"loss": 0.8955100774765015, "accuracy": 0.5699999928474426}