{"loss": 1.706709861755371, "accuracy": 0.5774999856948853}