{"loss": 2.9316840171813965, "accuracy": 0.3566666543483734}