{"loss": 1.7822643518447876, "accuracy": 0.7049999833106995}