{"loss": 1.04611337184906, "accuracy": 0.4716666638851166}