{"loss": 1.2409846782684326, "accuracy": 0.5400000214576721}