{"loss": 1.738063931465149, "accuracy": 0.528333306312561}