{"loss": 3.3152477741241455, "accuracy": 0.5483333468437195}