{"loss": 1.9505621194839478, "accuracy": 0.5849999785423279}