{"loss": 1.3683362007141113, "accuracy": 0.5249999761581421}