{"loss": 2.138211727142334, "accuracy": 0.5116666555404663}