{"loss": 1.6050845384597778, "accuracy": 0.39250001311302185}