{"loss": 2.9389419555664062, "accuracy": 0.29750001430511475}