{"loss": 1.1912899017333984, "accuracy": 0.6949999928474426}