{"loss": 2.6128203868865967, "accuracy": 0.5975000262260437}