{"loss": 1.754685640335083, "accuracy": 0.27666667103767395}