{"loss": 1.6267751455307007, "accuracy": 0.33250001072883606}