{"loss": 0.7047016024589539, "accuracy": 0.6974999904632568}