{"loss": 2.0390262603759766, "accuracy": 0.6800000071525574}