{"loss": 1.1774158477783203, "accuracy": 0.43666666746139526}