{"loss": 1.9023687839508057, "accuracy": 0.36666667461395264}