{"loss": 1.3314948081970215, "accuracy": 0.3712500035762787}