{"loss": 1.7842637300491333, "accuracy": 0.32749998569488525}