{"loss": 1.027462124824524, "accuracy": 0.5824999809265137}