{"loss": 0.7421988844871521, "accuracy": 0.6825000047683716}