{"loss": 3.9475955963134766, "accuracy": 0.3174999952316284}