{"loss": 5.707666397094727, "accuracy": 0.3633333444595337}