{"loss": 1.163426399230957, "accuracy": 0.4816666543483734}