{"loss": 1.7237648963928223, "accuracy": 0.2291666716337204}