{"loss": 1.3517427444458008, "accuracy": 0.6575000286102295}