{"loss": 6.691643238067627, "accuracy": 0.36500000953674316}