{"loss": 1.6363086700439453, "accuracy": 0.335833340883255}