{"loss": 3.0451431274414062, "accuracy": 0.46000000834465027}