{"loss": 0.7244064807891846, "accuracy": 0.6524999737739563}