{"loss": 1.3917791843414307, "accuracy": 0.4050000011920929}