{"loss": 4.302727699279785, "accuracy": 0.34833332896232605}