{"loss": 1.2922086715698242, "accuracy": 0.5133333206176758}