{"loss": 1.2618699073791504, "accuracy": 0.45375001430511475}