{"loss": 2.443835973739624, "accuracy": 0.44624999165534973}