{"loss": 1.7134332656860352, "accuracy": 0.33666667342185974}