{"loss": 1.6439200639724731, "accuracy": 0.34416666626930237}