{"loss": 1.2459039688110352, "accuracy": 0.6924999952316284}