{"loss": 1.0885871648788452, "accuracy": 0.5166666507720947}