{"loss": 1.3081138134002686, "accuracy": 0.48500001430511475}