{"loss": 3.128568649291992, "accuracy": 0.5233333110809326}