{"loss": 3.7109761238098145, "accuracy": 0.4933333396911621}