{"loss": 1.7818946838378906, "accuracy": 0.3616666793823242}