{"loss": 1.3402503728866577, "accuracy": 0.42875000834465027}