{"loss": 0.7190635204315186, "accuracy": 0.5950000286102295}