{"loss": 0.7061753869056702, "accuracy": 0.6424999833106995}