{"loss": 2.030595541000366, "accuracy": 0.503333330154419}