{"loss": 1.2893022298812866, "accuracy": 0.48500001430511475}