{"loss": 0.621765673160553, "accuracy": 0.6974999904632568}