{"loss": 1.7217761278152466, "accuracy": 0.699999988079071}