{"loss": 2.8159847259521484, "accuracy": 0.5674999952316284}