{"loss": 2.154247522354126, "accuracy": 0.4483333230018616}