{"loss": 3.668548583984375, "accuracy": 0.45875000953674316}