{"loss": 2.6043291091918945, "accuracy": 0.3333333432674408}