{"loss": 2.5776360034942627, "accuracy": 0.3762499988079071}