{"loss": 1.7601765394210815, "accuracy": 0.30416667461395264}