{"loss": 1.553351879119873, "accuracy": 0.5924999713897705}