{"loss": 1.1032114028930664, "accuracy": 0.46833333373069763}