{"loss": 3.246324300765991, "accuracy": 0.5483333468437195}