{"loss": 1.3260135650634766, "accuracy": 0.4749999940395355}