{"loss": 1.631287932395935, "accuracy": 0.32749998569488525}