{"loss": 1.6616874933242798, "accuracy": 0.5849999785423279}