{"loss": 1.3273729085922241, "accuracy": 0.5350000262260437}