{"loss": 3.113985776901245, "accuracy": 0.3100000023841858}