{"loss": 3.1334786415100098, "accuracy": 0.45750001072883606}