{"loss": 1.2784037590026855, "accuracy": 0.44999998807907104}