{"loss": 4.079681396484375, "accuracy": 0.48124998807907104}