{"loss": 1.738547921180725, "accuracy": 0.3400000035762787}