{"loss": 5.595178604125977, "accuracy": 0.351666659116745}