{"loss": 2.490530252456665, "accuracy": 0.5333333611488342}