{"loss": 1.0007851123809814, "accuracy": 0.7149999737739563}