{"loss": 0.6229884028434753, "accuracy": 0.6775000095367432}