{"loss": 0.6552928686141968, "accuracy": 0.6949999928474426}