{"loss": 2.382000207901001, "accuracy": 0.47999998927116394}