{"loss": 1.0738639831542969, "accuracy": 0.4749999940395355}