{"loss": 3.5073001384735107, "accuracy": 0.5199999809265137}