{"loss": 2.6310980319976807, "accuracy": 0.49666666984558105}