{"loss": 1.2352772951126099, "accuracy": 0.6575000286102295}