{"loss": 1.0107111930847168, "accuracy": 0.528333306312561}