{"loss": 0.6252089142799377, "accuracy": 0.6449999809265137}