{"loss": 2.866307497024536, "accuracy": 0.36000001430511475}