{"loss": 1.7559317350387573, "accuracy": 0.33000001311302185}