{"loss": 6.07418966293335, "accuracy": 0.35083332657814026}