{"loss": 2.6804590225219727, "accuracy": 0.4533333480358124}