{"loss": 1.6461644172668457, "accuracy": 0.33500000834465027}