{"loss": 3.7296407222747803, "accuracy": 0.5049999952316284}