{"loss": 0.7965576648712158, "accuracy": 0.6675000190734863}