{"loss": 1.8981270790100098, "accuracy": 0.5366666913032532}