{"loss": 0.6855258941650391, "accuracy": 0.6349999904632568}