{"loss": 1.6336079835891724, "accuracy": 0.3791666626930237}