{"loss": 1.0330860614776611, "accuracy": 0.7074999809265137}