{"loss": 1.5669283866882324, "accuracy": 0.4325000047683716}