{"loss": 1.3266528844833374, "accuracy": 0.6700000166893005}