{"loss": 1.7378580570220947, "accuracy": 0.36250001192092896}