{"loss": 1.8663125038146973, "accuracy": 0.29249998927116394}