{"loss": 0.6168866157531738, "accuracy": 0.6700000166893005}