{"loss": 0.7196409106254578, "accuracy": 0.5899999737739563}