{"loss": 4.29500150680542, "accuracy": 0.3408333361148834}