{"loss": 1.6334381103515625, "accuracy": 0.3408333361148834}