{"loss": 1.0153216123580933, "accuracy": 0.5049999952316284}