{"loss": 2.424593925476074, "accuracy": 0.44749999046325684}