{"loss": 1.653195858001709, "accuracy": 0.34583333134651184}