{"loss": 1.657456398010254, "accuracy": 0.32499998807907104}