{"loss": 1.8912166357040405, "accuracy": 0.3641666769981384}