{"loss": 2.1615233421325684, "accuracy": 0.4983333349227905}