{"loss": 1.6530147790908813, "accuracy": 0.32499998807907104}