{"loss": 1.948917269706726, "accuracy": 0.47333332896232605}