{"loss": 0.8332977890968323, "accuracy": 0.5475000143051147}