{"loss": 1.8232712745666504, "accuracy": 0.3491666615009308}