{"loss": 1.4212121963500977, "accuracy": 0.6924999952316284}