{"loss": 2.7887959480285645, "accuracy": 0.44333332777023315}