{"loss": 1.1085926294326782, "accuracy": 0.47833332419395447}