{"loss": 1.4127391576766968, "accuracy": 0.6000000238418579}