{"loss": 4.388935089111328, "accuracy": 0.3474999964237213}