{"loss": 2.3105661869049072, "accuracy": 0.49000000953674316}