{"loss": 1.6504184007644653, "accuracy": 0.3241666555404663}