{"loss": 1.7203136682510376, "accuracy": 0.3266666531562805}