{"loss": 1.0257399082183838, "accuracy": 0.5266666412353516}