{"loss": 1.9741184711456299, "accuracy": 0.3591666519641876}