{"loss": 3.024468183517456, "accuracy": 0.3608333468437195}