{"loss": 5.707514762878418, "accuracy": 0.3633333444595337}