{"loss": 1.0757057666778564, "accuracy": 0.4950000047683716}