{"loss": 1.2120198011398315, "accuracy": 0.4933333396911621}