{"loss": 3.188713788986206, "accuracy": 0.3616666793823242}