{"loss": 1.0497605800628662, "accuracy": 0.5149999856948853}