{"loss": 2.2314391136169434, "accuracy": 0.3266666531562805}