{"loss": 1.982293963432312, "accuracy": 0.5166666507720947}