{"loss": 5.485528469085693, "accuracy": 0.3633333444595337}