{"loss": 1.6986445188522339, "accuracy": 0.32249999046325684}