{"loss": 2.8899834156036377, "accuracy": 0.3591666519641876}