{"loss": 1.5671889781951904, "accuracy": 0.7074999809265137}