{"loss": 2.2023863792419434, "accuracy": 0.42875000834465027}