{"loss": 0.8106604218482971, "accuracy": 0.6449999809265137}