{"loss": 2.2383882999420166, "accuracy": 0.5874999761581421}