{"loss": 3.438596487045288, "accuracy": 0.5316666960716248}