{"loss": 1.1935445070266724, "accuracy": 0.5083333253860474}