{"loss": 1.5911376476287842, "accuracy": 0.7024999856948853}