{"loss": 2.3658993244171143, "accuracy": 0.5416666865348816}