{"loss": 2.0493907928466797, "accuracy": 0.699999988079071}