{"loss": 3.3758726119995117, "accuracy": 0.5183333158493042}