{"loss": 1.4086631536483765, "accuracy": 0.675000011920929}