{"loss": 1.6396533250808716, "accuracy": 0.42500001192092896}