{"loss": 0.7154906988143921, "accuracy": 0.6274999976158142}