{"loss": 1.1222857236862183, "accuracy": 0.699999988079071}