{"loss": 2.277348279953003, "accuracy": 0.6200000047683716}