{"loss": 2.999336004257202, "accuracy": 0.36000001430511475}