{"loss": 3.2220027446746826, "accuracy": 0.5299999713897705}