{"loss": 1.6708095073699951, "accuracy": 0.3408333361148834}