{"loss": 0.6236016154289246, "accuracy": 0.7200000286102295}