{"loss": 1.669070839881897, "accuracy": 0.3241666555404663}