{"loss": 2.580765724182129, "accuracy": 0.40625}