{"loss": 1.3181897401809692, "accuracy": 0.5049999952316284}