{"loss": 2.724438428878784, "accuracy": 0.5724999904632568}