{"loss": 1.7978265285491943, "accuracy": 0.33500000834465027}