{"loss": 1.1154870986938477, "accuracy": 0.5224999785423279}