{"loss": 2.878615140914917, "accuracy": 0.5550000071525574}