{"loss": 2.212982654571533, "accuracy": 0.34166666865348816}