{"loss": 3.512604236602783, "accuracy": 0.5066666603088379}