{"loss": 2.0171635150909424, "accuracy": 0.6924999952316284}