{"loss": 1.1076250076293945, "accuracy": 0.4950000047683716}