{"loss": 1.897294521331787, "accuracy": 0.3191666603088379}