{"loss": 2.4544005393981934, "accuracy": 0.4362500011920929}