{"loss": 1.4536279439926147, "accuracy": 0.46166667342185974}