{"loss": 4.028083324432373, "accuracy": 0.49000000953674316}