{"loss": 1.6532665491104126, "accuracy": 0.3100000023841858}