{"loss": 1.6385308504104614, "accuracy": 0.4074999988079071}