{"loss": 3.2248597145080566, "accuracy": 0.3375000059604645}