{"loss": 1.0978219509124756, "accuracy": 0.5133333206176758}