{"loss": 1.7318843603134155, "accuracy": 0.30250000953674316}