{"loss": 2.353381395339966, "accuracy": 0.4716666638851166}