{"loss": 2.072829484939575, "accuracy": 0.5774999856948853}