{"loss": 1.1549381017684937, "accuracy": 0.6825000047683716}