{"loss": 1.398913860321045, "accuracy": 0.46666666865348816}