{"loss": 0.9902917742729187, "accuracy": 0.5083333253860474}