{"loss": 3.4425430297851562, "accuracy": 0.5550000071525574}