{"loss": 1.2574970722198486, "accuracy": 0.5674999952316284}