{"loss": 1.9924739599227905, "accuracy": 0.5083333253860474}