{"loss": 0.6574101448059082, "accuracy": 0.6675000190734863}