{"loss": 2.068406343460083, "accuracy": 0.4866666793823242}