{"loss": 1.6946221590042114, "accuracy": 0.3558333218097687}