{"loss": 2.9101908206939697, "accuracy": 0.5799999833106995}