{"loss": 3.9634833335876465, "accuracy": 0.45875000953674316}