{"loss": 1.7658884525299072, "accuracy": 0.29249998927116394}