{"loss": 5.7366108894348145, "accuracy": 0.3683333396911621}