{"loss": 1.0161471366882324, "accuracy": 0.5266666412353516}