{"loss": 3.362950086593628, "accuracy": 0.5049999952316284}