{"loss": 3.495823860168457, "accuracy": 0.5066666603088379}