{"loss": 1.5714486837387085, "accuracy": 0.4300000071525574}