{"loss": 1.2820605039596558, "accuracy": 0.46833333373069763}