{"loss": 2.0831897258758545, "accuracy": 0.33416667580604553}