{"loss": 6.038098335266113, "accuracy": 0.3449999988079071}