{"loss": 2.5373618602752686, "accuracy": 0.44749999046325684}