{"loss": 1.7917791604995728, "accuracy": 0.1666666716337204}