{"loss": 1.7659097909927368, "accuracy": 0.3400000035762787}