{"loss": 1.300782322883606, "accuracy": 0.40833333134651184}