{"loss": 6.348511695861816, "accuracy": 0.3316666781902313}