{"loss": 1.4272964000701904, "accuracy": 0.5049999952316284}