{"loss": 0.6623878479003906, "accuracy": 0.6625000238418579}