{"loss": 1.727850317955017, "accuracy": 0.3425000011920929}