{"loss": 0.898714005947113, "accuracy": 0.5799999833106995}