{"loss": 3.852762460708618, "accuracy": 0.5133333206176758}