{"loss": 0.6244539022445679, "accuracy": 0.7024999856948853}