{"loss": 6.5133161544799805, "accuracy": 0.35749998688697815}