{"loss": 0.6276181936264038, "accuracy": 0.6949999928474426}