{"loss": 1.7237401008605957, "accuracy": 0.7200000286102295}