{"loss": 1.5043609142303467, "accuracy": 0.6899999976158142}