{"loss": 3.388167381286621, "accuracy": 0.3100000023841858}