{"loss": 1.6936291456222534, "accuracy": 0.34583333134651184}