{"loss": 0.7003530263900757, "accuracy": 0.6700000166893005}