{"loss": 2.3201944828033447, "accuracy": 0.29249998927116394}