{"loss": 3.602006435394287, "accuracy": 0.5249999761581421}