{"loss": 3.260601282119751, "accuracy": 0.528333306312561}