{"loss": 1.0268490314483643, "accuracy": 0.4749999940395355}