{"loss": 1.6322193145751953, "accuracy": 0.3308333456516266}