{"loss": 2.0474252700805664, "accuracy": 0.6899999976158142}