{"loss": 1.0669804811477661, "accuracy": 0.4883333444595337}