{"loss": 1.648680329322815, "accuracy": 0.32749998569488525}