{"loss": 2.0687568187713623, "accuracy": 0.4983333349227905}