{"loss": 2.5051491260528564, "accuracy": 0.6100000143051147}