{"loss": 1.422857403755188, "accuracy": 0.675000011920929}