{"loss": 3.2885353565216064, "accuracy": 0.5433333516120911}