{"loss": 0.8019370436668396, "accuracy": 0.5600000023841858}