{"loss": 3.6327590942382812, "accuracy": 0.2983333468437195}