{"loss": 2.361492872238159, "accuracy": 0.45875000953674316}