{"loss": 6.336275577545166, "accuracy": 0.3499999940395355}