{"loss": 1.881673812866211, "accuracy": 0.31166666746139526}