{"loss": 2.021562337875366, "accuracy": 0.3100000023841858}