{"loss": 1.7172855138778687, "accuracy": 0.32249999046325684}