{"loss": 2.2535581588745117, "accuracy": 0.3308333456516266}