{"loss": 2.1649248600006104, "accuracy": 0.3075000047683716}