{"loss": 1.0846744775772095, "accuracy": 0.476666659116745}