{"loss": 3.604428768157959, "accuracy": 0.5183333158493042}