{"loss": 1.0652228593826294, "accuracy": 0.4699999988079071}