{"loss": 1.5653587579727173, "accuracy": 0.4124999940395355}