{"loss": 1.108522891998291, "accuracy": 0.4866666793823242}