{"loss": 6.7396674156188965, "accuracy": 0.3658333420753479}