{"loss": 1.997874140739441, "accuracy": 0.4050000011920929}