{"loss": 1.7484210729599, "accuracy": 0.3266666531562805}