{"loss": 2.9950923919677734, "accuracy": 0.45625001192092896}