{"loss": 1.1596869230270386, "accuracy": 0.5416666865348816}