{"loss": 1.8858237266540527, "accuracy": 0.528333306312561}