{"loss": 2.645449638366699, "accuracy": 0.2758333384990692}