{"loss": 1.1096357107162476, "accuracy": 0.4650000035762787}