{"loss": 2.855800151824951, "accuracy": 0.3199999928474426}