{"loss": 1.1891789436340332, "accuracy": 0.6949999928474426}