{"loss": 1.6324005126953125, "accuracy": 0.3258333206176758}