{"loss": 3.3047497272491455, "accuracy": 0.3216666579246521}