{"loss": 2.1880500316619873, "accuracy": 0.3383333384990692}