{"loss": 3.434034824371338, "accuracy": 0.5066666603088379}