{"loss": 1.0442503690719604, "accuracy": 0.7275000214576721}