{"loss": 1.0469526052474976, "accuracy": 0.7024999856948853}