{"loss": 1.518022894859314, "accuracy": 0.6825000047683716}