{"loss": 1.4232451915740967, "accuracy": 0.5824999809265137}