{"loss": 2.0572898387908936, "accuracy": 0.3658333420753479}