{"loss": 1.011053204536438, "accuracy": 0.5199999809265137}