{"loss": 1.650781512260437, "accuracy": 0.3449999988079071}