{"loss": 4.116618633270264, "accuracy": 0.4675000011920929}