{"loss": 1.18617582321167, "accuracy": 0.6899999976158142}