{"loss": 2.0915236473083496, "accuracy": 0.5516666769981384}