{"loss": 1.6668742895126343, "accuracy": 0.3241666555404663}