{"loss": 1.3071393966674805, "accuracy": 0.4087499976158142}