{"loss": 3.865943670272827, "accuracy": 0.5066666603088379}