{"loss": 3.133864641189575, "accuracy": 0.5450000166893005}