{"loss": 1.5817975997924805, "accuracy": 0.7024999856948853}