{"loss": 1.663676142692566, "accuracy": 0.3141666650772095}