{"loss": 0.695341944694519, "accuracy": 0.6575000286102295}