{"loss": 1.748304009437561, "accuracy": 0.7124999761581421}