{"loss": 4.158822536468506, "accuracy": 0.4437499940395355}