{"loss": 3.573223829269409, "accuracy": 0.42625001072883606}