{"loss": 1.542203426361084, "accuracy": 0.6899999976158142}