{"loss": 3.8948357105255127, "accuracy": 0.34166666865348816}