{"loss": 1.0047975778579712, "accuracy": 0.5049999952316284}