{"loss": 1.817307949066162, "accuracy": 0.2991666793823242}