{"loss": 2.175974130630493, "accuracy": 0.31333333253860474}