{"loss": 5.913639068603516, "accuracy": 0.3708333373069763}