{"loss": 0.6943594217300415, "accuracy": 0.5975000262260437}