{"loss": 1.9992183446884155, "accuracy": 0.3149999976158142}