{"loss": 3.3519139289855957, "accuracy": 0.3425000011920929}