{"loss": 2.9968924522399902, "accuracy": 0.4933333396911621}