{"loss": 3.137662649154663, "accuracy": 0.49666666984558105}