{"loss": 1.0097471475601196, "accuracy": 0.5233333110809326}