{"loss": 1.3672906160354614, "accuracy": 0.4350000023841858}