{"loss": 1.7466822862625122, "accuracy": 0.7174999713897705}