{"loss": 1.6406023502349854, "accuracy": 0.34416666626930237}