{"loss": 2.095914602279663, "accuracy": 0.5233333110809326}