{"loss": 0.6507022976875305, "accuracy": 0.675000011920929}