{"loss": 0.6489660739898682, "accuracy": 0.6725000143051147}