{"loss": 2.7281405925750732, "accuracy": 0.3008333444595337}