{"loss": 5.907340049743652, "accuracy": 0.3725000023841858}