{"loss": 1.300264596939087, "accuracy": 0.6949999928474426}