{"loss": 0.6424875855445862, "accuracy": 0.6775000095367432}