{"loss": 2.947518825531006, "accuracy": 0.47833332419395447}