{"loss": 1.825688123703003, "accuracy": 0.31333333253860474}