{"loss": 2.425823926925659, "accuracy": 0.6050000190734863}