{"loss": 1.6468071937561035, "accuracy": 0.3408333361148834}