{"loss": 1.0595394372940063, "accuracy": 0.4699999988079071}