{"loss": 2.1417407989501953, "accuracy": 0.5016666650772095}