{"loss": 3.2161965370178223, "accuracy": 0.3474999964237213}