{"loss": 2.765096664428711, "accuracy": 0.4362500011920929}