{"loss": 4.263843059539795, "accuracy": 0.35333332419395447}