{"loss": 1.6355128288269043, "accuracy": 0.34583333134651184}