{"loss": 1.8932033777236938, "accuracy": 0.5299999713897705}