{"loss": 2.1695218086242676, "accuracy": 0.34166666865348816}