{"loss": 3.1002659797668457, "accuracy": 0.3474999964237213}