{"loss": 2.410728931427002, "accuracy": 0.36250001192092896}