{"loss": 3.291942834854126, "accuracy": 0.3383333384990692}