{"loss": 1.2940901517868042, "accuracy": 0.42625001072883606}