{"loss": 1.9604713916778564, "accuracy": 0.5333333611488342}