{"loss": 4.6138153076171875, "accuracy": 0.4650000035762787}