{"loss": 0.6279045939445496, "accuracy": 0.6825000047683716}