{"loss": 4.993152141571045, "accuracy": 0.3375000059604645}