{"loss": 3.4864091873168945, "accuracy": 0.5199999809265137}