{"loss": 0.6160057187080383, "accuracy": 0.6949999928474426}