{"loss": 1.1721590757369995, "accuracy": 0.6974999904632568}