{"loss": 1.7352908849716187, "accuracy": 0.3541666567325592}