{"loss": 1.7254077196121216, "accuracy": 0.34833332896232605}