{"loss": 0.991095781326294, "accuracy": 0.5199999809265137}