{"loss": 1.1314550638198853, "accuracy": 0.5183333158493042}