{"loss": 2.338332176208496, "accuracy": 0.4716666638851166}