{"loss": 2.2003636360168457, "accuracy": 0.31166666746139526}