{"loss": 1.028897762298584, "accuracy": 0.5016666650772095}