{"loss": 2.2938127517700195, "accuracy": 0.5016666650772095}