{"loss": 0.6357729434967041, "accuracy": 0.6974999904632568}