{"loss": 3.9078240394592285, "accuracy": 0.44999998807907104}