{"loss": 1.6473796367645264, "accuracy": 0.7174999713897705}