{"loss": 0.7803955078125, "accuracy": 0.5799999833106995}