{"loss": 2.180907964706421, "accuracy": 0.5824999809265137}