{"loss": 1.5825791358947754, "accuracy": 0.42500001192092896}