{"loss": 1.6545828580856323, "accuracy": 0.3408333361148834}