{"loss": 1.47068452835083, "accuracy": 0.7024999856948853}