{"loss": 1.0789648294448853, "accuracy": 0.4816666543483734}