{"loss": 6.1488423347473145, "accuracy": 0.35249999165534973}