{"loss": 2.4239537715911865, "accuracy": 0.27666667103767395}