{"loss": 1.1413872241973877, "accuracy": 0.5583333373069763}