{"loss": 1.1202644109725952, "accuracy": 0.5350000262260437}