{"loss": 0.6335311532020569, "accuracy": 0.6899999976158142}