{"loss": 1.4250140190124512, "accuracy": 0.42375001311302185}