{"loss": 6.861924648284912, "accuracy": 0.35083332657814026}