{"loss": 2.3331139087677, "accuracy": 0.26750001311302185}