{"loss": 0.7789866924285889, "accuracy": 0.5899999737739563}