{"loss": 3.3266983032226562, "accuracy": 0.5699999928474426}