{"loss": 2.0686469078063965, "accuracy": 0.6899999976158142}