{"loss": 2.714885950088501, "accuracy": 0.503333330154419}