{"loss": 1.0908663272857666, "accuracy": 0.4950000047683716}