{"loss": 1.9210236072540283, "accuracy": 0.5333333611488342}