{"loss": 3.2116358280181885, "accuracy": 0.37166666984558105}