{"loss": 1.9361307621002197, "accuracy": 0.3474999964237213}