{"loss": 0.6212570071220398, "accuracy": 0.6850000023841858}