{"loss": 1.8565590381622314, "accuracy": 0.528333306312561}