{"loss": 0.7613635063171387, "accuracy": 0.6700000166893005}