{"loss": 2.152179479598999, "accuracy": 0.6725000143051147}