{"loss": 0.6196213364601135, "accuracy": 0.7200000286102295}