{"loss": 2.123286247253418, "accuracy": 0.32749998569488525}