{"loss": 1.9984779357910156, "accuracy": 0.34333333373069763}