{"loss": 2.056734561920166, "accuracy": 0.33916667103767395}