{"loss": 6.079310894012451, "accuracy": 0.35333332419395447}