{"loss": 1.0759904384613037, "accuracy": 0.4350000023841858}