{"loss": 6.649052143096924, "accuracy": 0.3766666650772095}