{"loss": 1.0528336763381958, "accuracy": 0.4933333396911621}