{"loss": 1.874688744544983, "accuracy": 0.6050000190734863}