{"loss": 0.6378269791603088, "accuracy": 0.6449999809265137}