{"loss": 1.1329419612884521, "accuracy": 0.699999988079071}