{"loss": 3.257981538772583, "accuracy": 0.42875000834465027}