{"loss": 2.2095398902893066, "accuracy": 0.4866666793823242}