{"loss": 1.2329580783843994, "accuracy": 0.5400000214576721}