{"loss": 2.4230196475982666, "accuracy": 0.2991666793823242}