{"loss": 3.3885936737060547, "accuracy": 0.5350000262260437}