{"loss": 0.6333056092262268, "accuracy": 0.6825000047683716}