{"loss": 2.724611282348633, "accuracy": 0.5649999976158142}