{"loss": 2.8353283405303955, "accuracy": 0.31833332777023315}