{"loss": 1.6919307708740234, "accuracy": 0.33250001072883606}