{"loss": 1.624321460723877, "accuracy": 0.3383333384990692}