{"loss": 1.6401405334472656, "accuracy": 0.41874998807907104}