{"loss": 1.1827137470245361, "accuracy": 0.46833333373069763}