{"loss": 0.761423647403717, "accuracy": 0.6075000166893005}