{"loss": 3.8768017292022705, "accuracy": 0.3100000023841858}