{"loss": 2.620955467224121, "accuracy": 0.30666667222976685}