{"loss": 1.3766186237335205, "accuracy": 0.4466666579246521}