{"loss": 2.8420588970184326, "accuracy": 0.3233333230018616}