{"loss": 1.3136918544769287, "accuracy": 0.675000011920929}