{"loss": 1.6752792596817017, "accuracy": 0.3499999940395355}