{"loss": 1.2320555448532104, "accuracy": 0.5083333253860474}