{"loss": 1.7710628509521484, "accuracy": 0.22166666388511658}