{"loss": 2.2015445232391357, "accuracy": 0.3449999988079071}