{"loss": 1.0504546165466309, "accuracy": 0.5249999761581421}