{"loss": 2.4418349266052246, "accuracy": 0.45249998569488525}