{"loss": 1.0983482599258423, "accuracy": 0.699999988079071}