{"loss": 1.5482324361801147, "accuracy": 0.3812499940395355}