{"loss": 2.6443724632263184, "accuracy": 0.5216666460037231}