{"loss": 1.3002880811691284, "accuracy": 0.6899999976158142}