{"loss": 1.3897749185562134, "accuracy": 0.4483333230018616}