{"loss": 1.7018630504608154, "accuracy": 0.3191666603088379}