{"loss": 1.149439811706543, "accuracy": 0.6725000143051147}