{"loss": 1.0278098583221436, "accuracy": 0.47999998927116394}