{"loss": 3.0976810455322266, "accuracy": 0.5316666960716248}