{"loss": 1.8194133043289185, "accuracy": 0.3241666555404663}