{"loss": 2.0026862621307373, "accuracy": 0.3191666603088379}