{"loss": 3.0202107429504395, "accuracy": 0.3616666793823242}