{"loss": 0.605175256729126, "accuracy": 0.7049999833106995}