{"loss": 1.64177668094635, "accuracy": 0.3100000023841858}