{"loss": 3.2521812915802, "accuracy": 0.35374999046325684}