{"loss": 6.5395827293396, "accuracy": 0.34333333373069763}