{"loss": 3.93917179107666, "accuracy": 0.45124998688697815}