{"loss": 1.9369570016860962, "accuracy": 0.3375000059604645}