{"loss": 2.8992600440979004, "accuracy": 0.33916667103767395}