{"loss": 2.3538999557495117, "accuracy": 0.6150000095367432}