{"loss": 1.6406710147857666, "accuracy": 0.3449999988079071}