{"loss": 0.6982775926589966, "accuracy": 0.5899999737739563}