{"loss": 5.634511947631836, "accuracy": 0.3633333444595337}