{"loss": 1.6293013095855713, "accuracy": 0.6000000238418579}