{"loss": 2.3086044788360596, "accuracy": 0.4883333444595337}