{"loss": 1.0290677547454834, "accuracy": 0.5249999761581421}