{"loss": 3.3327040672302246, "accuracy": 0.3616666793823242}