{"loss": 0.6224260926246643, "accuracy": 0.6974999904632568}