{"loss": 1.127233624458313, "accuracy": 0.5333333611488342}