{"loss": 2.978132963180542, "accuracy": 0.3216666579246521}