{"loss": 0.6928994059562683, "accuracy": 0.6725000143051147}