{"loss": 1.7141023874282837, "accuracy": 0.4350000023841858}