{"loss": 1.6438905000686646, "accuracy": 0.33250001072883606}