{"loss": 0.7574124932289124, "accuracy": 0.6000000238418579}