{"loss": 1.092679738998413, "accuracy": 0.4633333384990692}