{"loss": 1.6272284984588623, "accuracy": 0.7074999809265137}