{"loss": 3.4240176677703857, "accuracy": 0.5166666507720947}