{"loss": 1.045495867729187, "accuracy": 0.6825000047683716}