{"loss": 3.4491634368896484, "accuracy": 0.5383333563804626}