{"loss": 3.1315386295318604, "accuracy": 0.3241666555404663}