{"loss": 3.554158926010132, "accuracy": 0.4983333349227905}