{"loss": 2.7865712642669678, "accuracy": 0.3700000047683716}