{"loss": 1.5020595788955688, "accuracy": 0.6949999928474426}