{"loss": 0.7176950573921204, "accuracy": 0.5874999761581421}