{"loss": 1.0076870918273926, "accuracy": 0.5249999761581421}