{"loss": 1.7316080331802368, "accuracy": 0.3408333361148834}