{"loss": 0.9792904853820801, "accuracy": 0.5375000238418579}