{"loss": 3.501469373703003, "accuracy": 0.5083333253860474}