{"loss": 1.6587283611297607, "accuracy": 0.5874999761581421}