{"loss": 1.687230110168457, "accuracy": 0.2983333468437195}