{"loss": 4.309739112854004, "accuracy": 0.36250001192092896}