{"loss": 0.5968964099884033, "accuracy": 0.7074999809265137}