{"loss": 5.675388813018799, "accuracy": 0.37416666746139526}