{"loss": 1.7566386461257935, "accuracy": 0.3266666531562805}