{"loss": 0.7125001549720764, "accuracy": 0.5849999785423279}