{"loss": 1.6723504066467285, "accuracy": 0.34166666865348816}