{"loss": 6.796142578125, "accuracy": 0.3541666567325592}