{"loss": 1.755907416343689, "accuracy": 0.3541666567325592}