{"loss": 6.806667327880859, "accuracy": 0.35333332419395447}