{"loss": 3.4915225505828857, "accuracy": 0.3241666555404663}