{"loss": 1.9794663190841675, "accuracy": 0.5383333563804626}