{"loss": 1.229241132736206, "accuracy": 0.4883333444595337}