{"loss": 2.097872018814087, "accuracy": 0.3375000059604645}