{"loss": 0.9271259903907776, "accuracy": 0.5525000095367432}