{"loss": 0.8958795070648193, "accuracy": 0.6225000023841858}