{"loss": 1.9380565881729126, "accuracy": 0.5083333253860474}