{"loss": 1.7829951047897339, "accuracy": 0.6899999976158142}