{"loss": 4.666910171508789, "accuracy": 0.28833332657814026}