{"loss": 2.16852068901062, "accuracy": 0.3283333480358124}