{"loss": 1.2103859186172485, "accuracy": 0.6949999928474426}