{"loss": 4.044907569885254, "accuracy": 0.4650000035762787}