{"loss": 1.152201533317566, "accuracy": 0.7049999833106995}