{"loss": 0.7528075575828552, "accuracy": 0.5649999976158142}