{"loss": 0.5938869714736938, "accuracy": 0.7024999856948853}