{"loss": 3.4517195224761963, "accuracy": 0.5116666555404663}