{"loss": 2.012514114379883, "accuracy": 0.6899999976158142}