{"loss": 3.2902371883392334, "accuracy": 0.3191666603088379}