{"loss": 0.6869961023330688, "accuracy": 0.6025000214576721}