{"loss": 1.2606464624404907, "accuracy": 0.43833333253860474}