{"loss": 3.31801438331604, "accuracy": 0.35333332419395447}