{"loss": 1.6323037147521973, "accuracy": 0.33666667342185974}