{"loss": 1.865278959274292, "accuracy": 0.5400000214576721}