{"loss": 6.064770698547363, "accuracy": 0.351666659116745}