{"loss": 2.111577272415161, "accuracy": 0.31833332777023315}