{"loss": 1.9005827903747559, "accuracy": 0.7074999809265137}