{"loss": 1.166458249092102, "accuracy": 0.4449999928474426}