{"loss": 1.795945644378662, "accuracy": 0.6949999928474426}