{"loss": 3.329139232635498, "accuracy": 0.3408333361148834}