{"loss": 1.6452449560165405, "accuracy": 0.33666667342185974}