{"loss": 1.0477021932601929, "accuracy": 0.48500001430511475}