{"loss": 1.8569512367248535, "accuracy": 0.33416667580604553}