{"loss": 1.7015386819839478, "accuracy": 0.3141666650772095}