{"loss": 1.977340817451477, "accuracy": 0.7099999785423279}