{"loss": 1.057642936706543, "accuracy": 0.6949999928474426}