{"loss": 0.6233707666397095, "accuracy": 0.6850000023841858}