{"loss": 1.9826135635375977, "accuracy": 0.5249999761581421}