{"loss": 0.8166571855545044, "accuracy": 0.612500011920929}