{"loss": 3.304849863052368, "accuracy": 0.35083332657814026}