{"loss": 3.3847055435180664, "accuracy": 0.5049999952316284}