{"loss": 1.6680303812026978, "accuracy": 0.3016666769981384}