{"loss": 1.658509373664856, "accuracy": 0.3408333361148834}