{"loss": 3.336630344390869, "accuracy": 0.5166666507720947}