{"loss": 1.9250047206878662, "accuracy": 0.5450000166893005}