{"loss": 1.439450740814209, "accuracy": 0.5874999761581421}