{"loss": 1.7496553659439087, "accuracy": 0.34583333134651184}