{"loss": 0.6441863775253296, "accuracy": 0.6625000238418579}