{"loss": 6.586939334869385, "accuracy": 0.3566666543483734}