{"loss": 2.180103302001953, "accuracy": 0.3083333373069763}