{"loss": 1.6324101686477661, "accuracy": 0.3199999928474426}