{"loss": 2.330587863922119, "accuracy": 0.4833333194255829}