{"loss": 6.509532928466797, "accuracy": 0.36916667222976685}