{"loss": 4.046876430511475, "accuracy": 0.4387499988079071}