{"loss": 3.6132829189300537, "accuracy": 0.5133333206176758}