{"loss": 0.8927372097969055, "accuracy": 0.5674999952316284}