{"loss": 2.2984395027160645, "accuracy": 0.49666666984558105}