{"loss": 2.0520241260528564, "accuracy": 0.7124999761581421}