{"loss": 0.8866519927978516, "accuracy": 0.6050000190734863}