{"loss": 3.2957839965820312, "accuracy": 0.3491666615009308}