{"loss": 3.326381206512451, "accuracy": 0.5350000262260437}