{"loss": 1.7197351455688477, "accuracy": 0.3466666638851166}