{"loss": 1.819814682006836, "accuracy": 0.3258333206176758}