{"loss": 1.0900133848190308, "accuracy": 0.4883333444595337}