{"loss": 1.088698387145996, "accuracy": 0.5116666555404663}