{"loss": 1.7049658298492432, "accuracy": 0.33500000834465027}