{"loss": 2.3770792484283447, "accuracy": 0.49000000953674316}