{"loss": 2.474289655685425, "accuracy": 0.4424999952316284}