{"loss": 1.2829010486602783, "accuracy": 0.4399999976158142}