{"loss": 1.4479824304580688, "accuracy": 0.4866666793823242}