{"loss": 3.131685733795166, "accuracy": 0.5516666769981384}