{"loss": 1.6565487384796143, "accuracy": 0.550000011920929}