{"loss": 1.9109001159667969, "accuracy": 0.34416666626930237}