{"loss": 1.7017029523849487, "accuracy": 0.3466666638851166}