{"loss": 0.7430869936943054, "accuracy": 0.5575000047683716}