{"loss": 3.5068435668945312, "accuracy": 0.5066666603088379}