{"loss": 1.720916509628296, "accuracy": 0.29750001430511475}