{"loss": 2.6658620834350586, "accuracy": 0.5016666650772095}