{"loss": 6.576910018920898, "accuracy": 0.3616666793823242}