{"loss": 5.912690162658691, "accuracy": 0.3491666615009308}