{"loss": 1.6804369688034058, "accuracy": 0.29750001430511475}