{"loss": 1.1870709657669067, "accuracy": 0.5233333110809326}