{"loss": 4.611854076385498, "accuracy": 0.351666659116745}