{"loss": 1.6280982494354248, "accuracy": 0.3316666781902313}