{"loss": 0.6575326323509216, "accuracy": 0.6675000190734863}