{"loss": 3.761078357696533, "accuracy": 0.4833333194255829}