{"loss": 2.230743169784546, "accuracy": 0.49166667461395264}