{"loss": 1.9313359260559082, "accuracy": 0.7024999856948853}