{"loss": 2.5299315452575684, "accuracy": 0.5924999713897705}