{"loss": 1.5685757398605347, "accuracy": 0.7174999713897705}