{"loss": 1.370445966720581, "accuracy": 0.36250001192092896}