{"loss": 1.1898932456970215, "accuracy": 0.46833333373069763}