{"loss": 0.9902503490447998, "accuracy": 0.528333306312561}