{"loss": 1.7843103408813477, "accuracy": 0.3283333480358124}