{"loss": 2.1369524002075195, "accuracy": 0.46833333373069763}