{"loss": 1.9254634380340576, "accuracy": 0.5266666412353516}