{"loss": 2.008593797683716, "accuracy": 0.35499998927116394}