{"loss": 3.431936025619507, "accuracy": 0.3712500035762787}