{"loss": 1.0659319162368774, "accuracy": 0.5249999761581421}