{"loss": 3.2902064323425293, "accuracy": 0.3641666769981384}