{"loss": 0.6611666679382324, "accuracy": 0.675000011920929}