{"loss": 1.0331696271896362, "accuracy": 0.4749999940395355}