{"loss": 2.0271575450897217, "accuracy": 0.5874999761581421}