{"loss": 1.7718719244003296, "accuracy": 0.21833333373069763}