{"loss": 2.0516140460968018, "accuracy": 0.33500000834465027}