{"loss": 1.3411872386932373, "accuracy": 0.38499999046325684}