{"loss": 1.186824083328247, "accuracy": 0.5416666865348816}