{"loss": 3.3535964488983154, "accuracy": 0.32249999046325684}