{"loss": 1.8215513229370117, "accuracy": 0.3266666531562805}