{"loss": 1.634974718093872, "accuracy": 0.35333332419395447}