{"loss": 2.269197702407837, "accuracy": 0.5183333158493042}