{"loss": 0.6609545350074768, "accuracy": 0.6399999856948853}