{"loss": 5.535614013671875, "accuracy": 0.33500000834465027}