{"loss": 0.9557506442070007, "accuracy": 0.5299999713897705}