{"loss": 0.7530439496040344, "accuracy": 0.5924999713897705}