{"loss": 2.78414249420166, "accuracy": 0.6000000238418579}