{"loss": 1.2348623275756836, "accuracy": 0.5575000047683716}