{"loss": 1.7767388820648193, "accuracy": 0.39625000953674316}