{"loss": 4.4506072998046875, "accuracy": 0.33500000834465027}