{"loss": 3.6279735565185547, "accuracy": 0.5166666507720947}