{"loss": 3.685504198074341, "accuracy": 0.49000000953674316}