{"loss": 3.2593464851379395, "accuracy": 0.5183333158493042}