{"loss": 1.6975420713424683, "accuracy": 0.36500000953674316}