{"loss": 1.001561164855957, "accuracy": 0.5266666412353516}