{"loss": 2.692680597305298, "accuracy": 0.39125001430511475}