{"loss": 2.394294023513794, "accuracy": 0.476666659116745}