{"loss": 1.941778540611267, "accuracy": 0.699999988079071}