{"loss": 2.0516419410705566, "accuracy": 0.4983333349227905}