{"loss": 1.6650726795196533, "accuracy": 0.34416666626930237}