{"loss": 3.533572196960449, "accuracy": 0.5266666412353516}