{"loss": 0.8087687492370605, "accuracy": 0.6499999761581421}