{"loss": 2.1965131759643555, "accuracy": 0.3233333230018616}