{"loss": 1.4198102951049805, "accuracy": 0.41624999046325684}