{"loss": 6.67428731918335, "accuracy": 0.35249999165534973}