{"loss": 0.8275059461593628, "accuracy": 0.6650000214576721}