{"loss": 1.7117321491241455, "accuracy": 0.2750000059604645}