{"loss": 1.388114333152771, "accuracy": 0.39125001430511475}