{"loss": 6.736514091491699, "accuracy": 0.3566666543483734}