{"loss": 1.9249911308288574, "accuracy": 0.5899999737739563}