{"loss": 0.8559693098068237, "accuracy": 0.5950000286102295}