{"loss": 5.5301313400268555, "accuracy": 0.351666659116745}