{"loss": 1.0852307081222534, "accuracy": 0.5483333468437195}