{"loss": 1.1473029851913452, "accuracy": 0.6949999928474426}