{"loss": 1.65048348903656, "accuracy": 0.3149999976158142}