{"loss": 1.2929129600524902, "accuracy": 0.4950000047683716}