{"loss": 1.4364467859268188, "accuracy": 0.6000000238418579}