{"loss": 1.0209370851516724, "accuracy": 0.5400000214576721}