{"loss": 1.6750195026397705, "accuracy": 0.3762499988079071}