{"loss": 2.942333459854126, "accuracy": 0.33000001311302185}