{"loss": 2.7082114219665527, "accuracy": 0.42250001430511475}