{"loss": 6.7241034507751465, "accuracy": 0.3541666567325592}