{"loss": 3.659348487854004, "accuracy": 0.3466666638851166}