{"loss": 2.083930015563965, "accuracy": 0.3512499928474426}