{"loss": 1.0209060907363892, "accuracy": 0.5333333611488342}