{"loss": 1.488768458366394, "accuracy": 0.3916666805744171}