{"loss": 0.6003900170326233, "accuracy": 0.6949999928474426}