{"loss": 4.230112075805664, "accuracy": 0.35249999165534973}