{"loss": 1.0072251558303833, "accuracy": 0.5649999976158142}