{"loss": 6.572445392608643, "accuracy": 0.36666667461395264}