{"loss": 1.9536973237991333, "accuracy": 0.5066666603088379}