{"loss": 1.8911598920822144, "accuracy": 0.34583333134651184}