{"loss": 1.7156075239181519, "accuracy": 0.3075000047683716}