{"loss": 1.5787358283996582, "accuracy": 0.4749999940395355}