{"loss": 0.6423088312149048, "accuracy": 0.6675000190734863}