{"loss": 2.071725368499756, "accuracy": 0.3566666543483734}