{"loss": 1.9563610553741455, "accuracy": 0.35749998688697815}