{"loss": 3.4044840335845947, "accuracy": 0.5216666460037231}