{"loss": 3.667673349380493, "accuracy": 0.3283333480358124}