{"loss": 5.45634126663208, "accuracy": 0.35499998927116394}