{"loss": 1.358815312385559, "accuracy": 0.41749998927116394}