{"loss": 1.0343562364578247, "accuracy": 0.5016666650772095}