{"loss": 2.1524643898010254, "accuracy": 0.5333333611488342}