{"loss": 1.6381354331970215, "accuracy": 0.30666667222976685}