{"loss": 5.921799182891846, "accuracy": 0.34416666626930237}