{"loss": 1.9624426364898682, "accuracy": 0.33500000834465027}