{"loss": 3.5609331130981445, "accuracy": 0.5049999952316284}