{"loss": 1.3070670366287231, "accuracy": 0.44999998807907104}