{"loss": 1.805512547492981, "accuracy": 0.7074999809265137}