{"loss": 2.377791404724121, "accuracy": 0.2916666567325592}