{"loss": 2.196692943572998, "accuracy": 0.6949999928474426}