{"loss": 0.8641853928565979, "accuracy": 0.6150000095367432}