{"loss": 1.6256979703903198, "accuracy": 0.7099999785423279}