{"loss": 2.223501682281494, "accuracy": 0.3400000035762787}