{"loss": 2.1079347133636475, "accuracy": 0.31833332777023315}