{"loss": 1.6412824392318726, "accuracy": 0.3400000035762787}