{"loss": 3.2208316326141357, "accuracy": 0.3216666579246521}