{"loss": 1.0138580799102783, "accuracy": 0.5316666960716248}