{"loss": 1.979909062385559, "accuracy": 0.528333306312561}