{"loss": 1.6319313049316406, "accuracy": 0.31583333015441895}