{"loss": 1.77466881275177, "accuracy": 0.33250001072883606}