{"loss": 0.7651336193084717, "accuracy": 0.5450000166893005}