{"loss": 1.3893240690231323, "accuracy": 0.5950000286102295}