{"loss": 2.044126510620117, "accuracy": 0.5166666507720947}