{"loss": 0.7063631415367126, "accuracy": 0.5924999713897705}