{"loss": 0.6932386755943298, "accuracy": 0.6025000214576721}