{"loss": 1.7535911798477173, "accuracy": 0.38874998688697815}