{"loss": 0.6133905649185181, "accuracy": 0.6800000071525574}