{"loss": 1.1303019523620605, "accuracy": 0.48500001430511475}