{"loss": 1.6372203826904297, "accuracy": 0.32499998807907104}