{"loss": 1.1705130338668823, "accuracy": 0.5099999904632568}