{"loss": 3.1315577030181885, "accuracy": 0.35249999165534973}