{"loss": 1.677951693534851, "accuracy": 0.3449999988079071}