{"loss": 1.904138445854187, "accuracy": 0.5099999904632568}