{"loss": 3.394766330718994, "accuracy": 0.3499999940395355}