{"loss": 0.736552357673645, "accuracy": 0.6625000238418579}