{"loss": 3.1215004920959473, "accuracy": 0.4612500071525574}