{"loss": 6.045282363891602, "accuracy": 0.3558333218097687}