{"loss": 1.6265517473220825, "accuracy": 0.33666667342185974}