{"loss": 3.430407762527466, "accuracy": 0.4883333444595337}