{"loss": 2.057297945022583, "accuracy": 0.3591666519641876}