{"loss": 2.0316555500030518, "accuracy": 0.4983333349227905}