{"loss": 1.6393859386444092, "accuracy": 0.5649999976158142}