{"loss": 1.0278862714767456, "accuracy": 0.5183333158493042}