{"loss": 2.452441692352295, "accuracy": 0.4633333384990692}