{"loss": 0.8158004879951477, "accuracy": 0.6449999809265137}