{"loss": 1.6922885179519653, "accuracy": 0.7300000190734863}