{"loss": 1.1134898662567139, "accuracy": 0.4650000035762787}