{"loss": 1.985032320022583, "accuracy": 0.6899999976158142}