{"loss": 4.02465295791626, "accuracy": 0.4625000059604645}