{"loss": 1.1658295392990112, "accuracy": 0.43666666746139526}