{"loss": 1.6421074867248535, "accuracy": 0.33250001072883606}