{"loss": 1.4606698751449585, "accuracy": 0.39375001192092896}