{"loss": 1.9699304103851318, "accuracy": 0.48500001430511475}