{"loss": 2.550436019897461, "accuracy": 0.29083332419395447}