{"loss": 0.8058346509933472, "accuracy": 0.637499988079071}