{"loss": 1.4160776138305664, "accuracy": 0.4124999940395355}