{"loss": 1.7885215282440186, "accuracy": 0.7250000238418579}