{"loss": 1.6379889249801636, "accuracy": 0.33416667580604553}