{"loss": 3.314500570297241, "accuracy": 0.5400000214576721}