{"loss": 1.6387903690338135, "accuracy": 0.3174999952316284}