{"loss": 0.7148870229721069, "accuracy": 0.5699999928474426}