{"loss": 1.130994200706482, "accuracy": 0.5366666913032532}