{"loss": 2.7062149047851562, "accuracy": 0.5099999904632568}