{"loss": 1.1629915237426758, "accuracy": 0.6700000166893005}