{"loss": 1.76042640209198, "accuracy": 0.4033333361148834}