{"loss": 1.9721602201461792, "accuracy": 0.5016666650772095}