{"loss": 1.0156974792480469, "accuracy": 0.5233333110809326}