{"loss": 4.3089375495910645, "accuracy": 0.45124998688697815}