{"loss": 2.5349104404449463, "accuracy": 0.41749998927116394}