{"loss": 1.9748612642288208, "accuracy": 0.5350000262260437}