{"loss": 1.972924828529358, "accuracy": 0.34583333134651184}