{"loss": 2.1160478591918945, "accuracy": 0.2916666567325592}