{"loss": 0.6236506700515747, "accuracy": 0.6949999928474426}