{"loss": 3.908365249633789, "accuracy": 0.46875}