{"loss": 1.1083248853683472, "accuracy": 0.54666668176651}