{"loss": 6.465440273284912, "accuracy": 0.3583333194255829}