{"loss": 1.768312931060791, "accuracy": 0.3141666650772095}