{"loss": 1.2503788471221924, "accuracy": 0.4983333349227905}