{"loss": 0.6974501609802246, "accuracy": 0.6549999713897705}