{"loss": 1.6807944774627686, "accuracy": 0.2933333218097687}