{"loss": 1.6008145809173584, "accuracy": 0.4216666519641876}