{"loss": 1.987074375152588, "accuracy": 0.6924999952316284}