{"loss": 0.81400465965271, "accuracy": 0.6200000047683716}