{"loss": 2.4601986408233643, "accuracy": 0.4933333396911621}