{"loss": 0.915749192237854, "accuracy": 0.5350000262260437}