{"loss": 1.6801648139953613, "accuracy": 0.3016666769981384}