{"loss": 3.318854570388794, "accuracy": 0.5550000071525574}