{"loss": 4.010460376739502, "accuracy": 0.47749999165534973}