{"loss": 3.090120553970337, "accuracy": 0.45124998688697815}