{"loss": 0.9548375010490417, "accuracy": 0.5575000047683716}