{"loss": 2.5179455280303955, "accuracy": 0.6000000238418579}