{"loss": 1.08513605594635, "accuracy": 0.4833333194255829}