{"loss": 1.655011773109436, "accuracy": 0.32083332538604736}