{"loss": 1.908027172088623, "accuracy": 0.7024999856948853}