{"loss": 1.0729923248291016, "accuracy": 0.5400000214576721}