{"loss": 1.8020756244659424, "accuracy": 0.20499999821186066}