{"loss": 1.6588479280471802, "accuracy": 0.33666667342185974}