{"loss": 1.1245644092559814, "accuracy": 0.47999998927116394}