{"loss": 2.439826726913452, "accuracy": 0.6075000166893005}