{"loss": 0.8565387725830078, "accuracy": 0.6025000214576721}