{"loss": 3.283329963684082, "accuracy": 0.3499999940395355}