{"loss": 7.013739585876465, "accuracy": 0.35333332419395447}