{"loss": 4.329278469085693, "accuracy": 0.35083332657814026}