{"loss": 0.72771155834198, "accuracy": 0.5774999856948853}