{"loss": 2.83398175239563, "accuracy": 0.3449999988079071}