{"loss": 1.4887241125106812, "accuracy": 0.45500001311302185}