{"loss": 1.8802860975265503, "accuracy": 0.5299999713897705}