{"loss": 2.125471591949463, "accuracy": 0.3308333456516266}