{"loss": 1.6787117719650269, "accuracy": 0.3491666615009308}