{"loss": 2.126384735107422, "accuracy": 0.6974999904632568}