{"loss": 0.6855793595314026, "accuracy": 0.7124999761581421}