{"loss": 3.266890525817871, "accuracy": 0.3641666769981384}