{"loss": 0.9892451167106628, "accuracy": 0.5166666507720947}