{"loss": 0.7640067934989929, "accuracy": 0.5849999785423279}