{"loss": 1.1518076658248901, "accuracy": 0.4983333349227905}