{"loss": 1.9035388231277466, "accuracy": 0.38749998807907104}