{"loss": 2.756200075149536, "accuracy": 0.5149999856948853}