{"loss": 3.8766536712646484, "accuracy": 0.3449999988079071}