{"loss": 2.013334274291992, "accuracy": 0.32124999165534973}