{"loss": 1.028800129890442, "accuracy": 0.5249999761581421}