{"loss": 1.7296738624572754, "accuracy": 0.3541666567325592}