{"loss": 2.085864543914795, "accuracy": 0.6800000071525574}