{"loss": 2.2687642574310303, "accuracy": 0.2966666519641876}