{"loss": 1.0031121969223022, "accuracy": 0.5083333253860474}