{"loss": 1.6259979009628296, "accuracy": 0.3375000059604645}