{"loss": 4.068443298339844, "accuracy": 0.46000000834465027}