{"loss": 2.056257486343384, "accuracy": 0.5924999713897705}