{"loss": 2.0374412536621094, "accuracy": 0.4283333420753479}