{"loss": 1.2726752758026123, "accuracy": 0.5400000214576721}