{"loss": 1.6856482028961182, "accuracy": 0.33666667342185974}