{"loss": 1.302351713180542, "accuracy": 0.5299999713897705}