{"loss": 2.0075440406799316, "accuracy": 0.5366666913032532}