{"loss": 4.18059778213501, "accuracy": 0.3499999940395355}