{"loss": 0.8098907470703125, "accuracy": 0.6575000286102295}