{"loss": 2.5635972023010254, "accuracy": 0.45875000953674316}