{"loss": 3.8205196857452393, "accuracy": 0.4883333444595337}