{"loss": 2.9054877758026123, "accuracy": 0.5166666507720947}