{"loss": 0.6567126512527466, "accuracy": 0.6675000190734863}