{"loss": 1.8102443218231201, "accuracy": 0.6899999976158142}