{"loss": 1.0543746948242188, "accuracy": 0.7024999856948853}