{"loss": 1.4540629386901855, "accuracy": 0.5899999737739563}