{"loss": 1.2717061042785645, "accuracy": 0.6899999976158142}