{"loss": 1.374240517616272, "accuracy": 0.35374999046325684}