{"loss": 4.504354476928711, "accuracy": 0.351666659116745}