{"loss": 1.0811718702316284, "accuracy": 0.7149999737739563}