{"loss": 1.3782217502593994, "accuracy": 0.3987500071525574}