{"loss": 4.293741703033447, "accuracy": 0.47874999046325684}