{"loss": 0.9973531365394592, "accuracy": 0.5450000166893005}