{"loss": 3.312744379043579, "accuracy": 0.35333332419395447}