{"loss": 1.631812572479248, "accuracy": 0.4099999964237213}