{"loss": 6.019312381744385, "accuracy": 0.3675000071525574}