{"loss": 2.7377820014953613, "accuracy": 0.4099999964237213}