{"loss": 2.0639090538024902, "accuracy": 0.6899999976158142}