{"loss": 2.9761037826538086, "accuracy": 0.5066666603088379}