{"loss": 3.0840399265289307, "accuracy": 0.3616666793823242}