{"loss": 3.1295173168182373, "accuracy": 0.5733333230018616}