{"loss": 0.7139753699302673, "accuracy": 0.6000000238418579}