{"loss": 0.6424113512039185, "accuracy": 0.6549999713897705}