{"loss": 1.118001937866211, "accuracy": 0.5375000238418579}