{"loss": 1.2740256786346436, "accuracy": 0.4833333194255829}