{"loss": 0.6786866784095764, "accuracy": 0.6899999976158142}