{"loss": 0.6855950355529785, "accuracy": 0.7049999833106995}