{"loss": 2.5247435569763184, "accuracy": 0.6050000190734863}