{"loss": 1.0944371223449707, "accuracy": 0.5166666507720947}