{"loss": 2.859532117843628, "accuracy": 0.47333332896232605}