{"loss": 1.6376488208770752, "accuracy": 0.3174999952316284}