{"loss": 1.1966701745986938, "accuracy": 0.5316666960716248}