{"loss": 1.0145766735076904, "accuracy": 0.5383333563804626}