{"loss": 0.8557004332542419, "accuracy": 0.5799999833106995}