{"loss": 2.975306510925293, "accuracy": 0.3033333420753479}