{"loss": 1.6443710327148438, "accuracy": 0.3174999952316284}