{"loss": 0.7137129902839661, "accuracy": 0.6675000190734863}