{"loss": 0.8291925191879272, "accuracy": 0.612500011920929}