{"loss": 3.4157185554504395, "accuracy": 0.5450000166893005}