{"loss": 0.7061456441879272, "accuracy": 0.5849999785423279}