{"loss": 1.0123211145401, "accuracy": 0.5099999904632568}