{"loss": 1.9996769428253174, "accuracy": 0.5083333253860474}