{"loss": 2.0612523555755615, "accuracy": 0.6675000190734863}