{"loss": 0.6486515998840332, "accuracy": 0.6974999904632568}