{"loss": 4.830045700073242, "accuracy": 0.3675000071525574}