{"loss": 1.1794942617416382, "accuracy": 0.4633333384990692}