{"loss": 0.7501227855682373, "accuracy": 0.5774999856948853}