{"loss": 1.9987287521362305, "accuracy": 0.699999988079071}