{"loss": 1.983697533607483, "accuracy": 0.3333333432674408}