{"loss": 2.1463546752929688, "accuracy": 0.33916667103767395}