{"loss": 2.4131438732147217, "accuracy": 0.3075000047683716}