{"loss": 1.7762333154678345, "accuracy": 0.3474999964237213}