{"loss": 1.1133365631103516, "accuracy": 0.5199999809265137}