{"loss": 1.8600116968154907, "accuracy": 0.4074999988079071}