{"loss": 1.2038581371307373, "accuracy": 0.4216666519641876}