{"loss": 1.6395848989486694, "accuracy": 0.31583333015441895}