{"loss": 2.2543768882751465, "accuracy": 0.289166659116745}