{"loss": 2.4792656898498535, "accuracy": 0.4612500071525574}