{"loss": 3.0945773124694824, "accuracy": 0.49666666984558105}