{"loss": 1.2984689474105835, "accuracy": 0.4866666793823242}