{"loss": 2.331202507019043, "accuracy": 0.5066666603088379}