{"loss": 3.417661190032959, "accuracy": 0.550000011920929}