{"loss": 2.557973861694336, "accuracy": 0.5899999737739563}