{"loss": 1.054335594177246, "accuracy": 0.5316666960716248}