{"loss": 3.035788059234619, "accuracy": 0.5066666603088379}