{"loss": 2.1369028091430664, "accuracy": 0.5366666913032532}