{"loss": 1.6437796354293823, "accuracy": 0.33500000834465027}