{"loss": 2.4680063724517822, "accuracy": 0.42500001192092896}