{"loss": 0.7789933085441589, "accuracy": 0.5950000286102295}