{"loss": 0.5980917811393738, "accuracy": 0.7250000238418579}