{"loss": 1.72221839427948, "accuracy": 0.35749998688697815}