{"loss": 1.683166742324829, "accuracy": 0.31166666746139526}