{"loss": 1.892822265625, "accuracy": 0.3408333361148834}