{"loss": 1.1080431938171387, "accuracy": 0.5149999856948853}