{"loss": 2.0472822189331055, "accuracy": 0.34333333373069763}