{"loss": 1.7246527671813965, "accuracy": 0.4183333218097687}