{"loss": 2.561561346054077, "accuracy": 0.5874999761581421}