{"loss": 4.636593818664551, "accuracy": 0.3708333373069763}