{"loss": 1.6344454288482666, "accuracy": 0.3308333456516266}