{"loss": 5.384946346282959, "accuracy": 0.3683333396911621}