{"loss": 0.8694736957550049, "accuracy": 0.5874999761581421}