{"loss": 1.0092060565948486, "accuracy": 0.5099999904632568}