{"loss": 1.1056417226791382, "accuracy": 0.7024999856948853}