{"loss": 1.4074069261550903, "accuracy": 0.3762499988079071}