{"loss": 2.041633367538452, "accuracy": 0.35249999165534973}