{"loss": 1.841806411743164, "accuracy": 0.2783333361148834}