{"loss": 1.660028100013733, "accuracy": 0.5600000023841858}