{"loss": 1.7740895748138428, "accuracy": 0.25999999046325684}