{"loss": 1.6624877452850342, "accuracy": 0.34833332896232605}