{"loss": 2.2790610790252686, "accuracy": 0.4325000047683716}