{"loss": 2.0447075366973877, "accuracy": 0.6000000238418579}