{"loss": 5.794924259185791, "accuracy": 0.3499999940395355}