{"loss": 4.418883323669434, "accuracy": 0.45750001072883606}