{"loss": 2.0761141777038574, "accuracy": 0.5774999856948853}