{"loss": 1.9778879880905151, "accuracy": 0.3383333384990692}