{"loss": 1.6964696645736694, "accuracy": 0.3258333206176758}