{"loss": 1.5046930313110352, "accuracy": 0.5899999737739563}