{"loss": 2.2798399925231934, "accuracy": 0.4950000047683716}