{"loss": 2.0009515285491943, "accuracy": 0.5099999904632568}