{"loss": 4.248508453369141, "accuracy": 0.35749998688697815}