{"loss": 2.289102792739868, "accuracy": 0.42500001192092896}