{"loss": 1.1228817701339722, "accuracy": 0.5066666603088379}