{"loss": 2.7562005519866943, "accuracy": 0.2966666519641876}