{"loss": 1.6724412441253662, "accuracy": 0.35333332419395447}