{"loss": 2.1965742111206055, "accuracy": 0.33250001072883606}