{"loss": 1.9025100469589233, "accuracy": 0.6924999952316284}