{"loss": 1.3367608785629272, "accuracy": 0.4124999940395355}