{"loss": 2.6892638206481934, "accuracy": 0.34583333134651184}