{"loss": 7.2772111892700195, "accuracy": 0.19333332777023315}