{"loss": 1.1784676313400269, "accuracy": 0.5149999856948853}