{"loss": 1.148653507232666, "accuracy": 0.6924999952316284}