{"loss": 0.7114526629447937, "accuracy": 0.6800000071525574}