{"loss": 3.816823720932007, "accuracy": 0.4612500071525574}