{"loss": 4.190289497375488, "accuracy": 0.33916667103767395}