{"loss": 5.818166255950928, "accuracy": 0.34833332896232605}