{"loss": 2.110272169113159, "accuracy": 0.699999988079071}