{"loss": 1.0354297161102295, "accuracy": 0.49166667461395264}