{"loss": 1.8114641904830933, "accuracy": 0.29083332419395447}