{"loss": 0.6222991943359375, "accuracy": 0.6850000023841858}