{"loss": 1.1358215808868408, "accuracy": 0.47333332896232605}