{"loss": 3.3233730792999268, "accuracy": 0.34583333134651184}