{"loss": 1.6824873685836792, "accuracy": 0.3566666543483734}