{"loss": 3.2448339462280273, "accuracy": 0.3308333456516266}