{"loss": 2.8588242530822754, "accuracy": 0.3233333230018616}