{"loss": 0.8589115738868713, "accuracy": 0.5475000143051147}