{"loss": 1.6642686128616333, "accuracy": 0.31166666746139526}