{"loss": 6.418487548828125, "accuracy": 0.3608333468437195}