{"loss": 0.6218402981758118, "accuracy": 0.6850000023841858}