{"loss": 1.6561766862869263, "accuracy": 0.3641666769981384}