{"loss": 0.6366792917251587, "accuracy": 0.6700000166893005}