{"loss": 2.0038065910339355, "accuracy": 0.5149999856948853}