{"loss": 2.1678452491760254, "accuracy": 0.33416667580604553}