{"loss": 1.275447964668274, "accuracy": 0.7049999833106995}