{"loss": 0.6780621409416199, "accuracy": 0.6800000071525574}