{"loss": 1.2869306802749634, "accuracy": 0.6725000143051147}