{"loss": 1.5557743310928345, "accuracy": 0.4166666567325592}