{"loss": 2.117138385772705, "accuracy": 0.4833333194255829}