{"loss": 1.4485423564910889, "accuracy": 0.5899999737739563}