{"loss": 1.0043712854385376, "accuracy": 0.5216666460037231}