{"loss": 1.1270617246627808, "accuracy": 0.6974999904632568}