{"loss": 2.5240752696990967, "accuracy": 0.3499999940395355}