{"loss": 2.489570379257202, "accuracy": 0.5899999737739563}