{"loss": 1.7205674648284912, "accuracy": 0.273333340883255}