{"loss": 3.691936731338501, "accuracy": 0.30416667461395264}