{"loss": 1.420528769493103, "accuracy": 0.6100000143051147}