{"loss": 1.561418890953064, "accuracy": 0.6949999928474426}