{"loss": 0.7123792767524719, "accuracy": 0.675000011920929}