{"loss": 3.805030584335327, "accuracy": 0.47999998927116394}