{"loss": 1.8856183290481567, "accuracy": 0.7124999761581421}