{"loss": 1.0510077476501465, "accuracy": 0.4833333194255829}