{"loss": 1.9976627826690674, "accuracy": 0.33000001311302185}