{"loss": 1.6386735439300537, "accuracy": 0.32249999046325684}