{"loss": 1.2243520021438599, "accuracy": 0.47833332419395447}