{"loss": 2.7583096027374268, "accuracy": 0.6025000214576721}