{"loss": 0.5968398451805115, "accuracy": 0.7099999785423279}