{"loss": 1.8519835472106934, "accuracy": 0.7074999809265137}