{"loss": 2.065439224243164, "accuracy": 0.32249999046325684}