{"loss": 1.0052392482757568, "accuracy": 0.5216666460037231}