{"loss": 5.548562526702881, "accuracy": 0.34416666626930237}