{"loss": 2.223281145095825, "accuracy": 0.476666659116745}