{"loss": 1.0345159769058228, "accuracy": 0.5016666650772095}