{"loss": 0.6320275068283081, "accuracy": 0.6974999904632568}