{"loss": 1.3157525062561035, "accuracy": 0.4112499952316284}