{"loss": 1.7304168939590454, "accuracy": 0.6974999904632568}