{"loss": 1.058189034461975, "accuracy": 0.4983333349227905}