{"loss": 3.596111536026001, "accuracy": 0.5133333206176758}