{"loss": 1.8968108892440796, "accuracy": 0.3491666615009308}