{"loss": 0.6178985238075256, "accuracy": 0.6850000023841858}