{"loss": 2.0431699752807617, "accuracy": 0.335833340883255}