{"loss": 1.7261289358139038, "accuracy": 0.33500000834465027}