{"loss": 1.395394206047058, "accuracy": 0.476666659116745}