{"loss": 1.9503440856933594, "accuracy": 0.3449999988079071}