{"loss": 0.6190393567085266, "accuracy": 0.6899999976158142}