{"loss": 1.979424238204956, "accuracy": 0.3316666781902313}