{"loss": 3.38063907623291, "accuracy": 0.5766666531562805}