{"loss": 1.1065958738327026, "accuracy": 0.7074999809265137}