{"loss": 2.065455913543701, "accuracy": 0.47999998927116394}